{
  "extends": [
    "tslint:recommended",
    "tslint-react",
    "tslint-config-prettier"
  ],
  "rules": {
    "ordered-imports": false,
    "interface-name": [
      true,
      "never-prefix"
    ],
    "object-literal-sort-keys": [
      false
    ],
    "member-access": false,
    "jsx-no-lambda": false,
    "jsx-boolean-value": false,
    "no-console": false,
    "no-debugger": false
  },
  "linterOptions": {
    "exclude": [
      "config/**/*.js",
      "node_modules/**/*.ts",
      "coverage/lcov-report/*.js"
    ]
  }
}